{"cameraMode":{"drawMode":0,"name":"Shaded","section":"Shading Mode"},"sceneLighting":true,"audioPlay":false,"sceneViewState":{"showFog":true,"showMaterialUpdate":false,"showSkybox":true,"showFlares":true,"showImageEffects":true,"showParticleSystems":true},"in2DMode":false,"pivot":{"x":2.733992576599121,"y":2.7436795234680177,"z":8.842470169067383},"rotation":{"x":0.2372010499238968,"y":0.5226781368255615,"z":-0.15416164696216584,"w":0.8042358756065369},"size":1.1248745918273926,"orthographic":false}